[
{
  "model": "dashboard.team",
  "pk": 1,
  "fields": {
    "name": "Argentina",
    "flag_url": null,
    "american_odds": 1011,
    "is_eliminated": false
  }
},
{
  "model": "dashboard.team",
  "pk": 2,
  "fields": {
    "name": "France",
    "flag_url": null,
    "american_odds": 485,
    "is_eliminated": false
  }
},
{
  "model": "dashboard.team",
  "pk": 3,
  "fields": {
    "name": "Brazil",
    "flag_url": null,
    "american_odds": 1090,
    "is_eliminated": false
  }
},
{
  "model": "dashboard.team",
  "pk": 4,
  "fields": {
    "name": "England",
    "flag_url": null,
    "american_odds": 826,
    "is_eliminated": false
  }
},
{
  "model": "dashboard.team",
  "pk": 5,
  "fields": {
    "name": "Spain",
    "flag_url": null,
    "american_odds": 462,
    "is_eliminated": false
  }
},
{
  "model": "dashboard.team",
  "pk": 6,
  "fields": {
    "name": "Germany",
    "flag_url": null,
    "american_odds": 1686,
    "is_eliminated": false
  }
},
{
  "model": "dashboard.team",
  "pk": 7,
  "fields": {
    "name": "Netherlands",
    "flag_url": null,
    "american_odds": 1686,
    "is_eliminated": false
  }
},
{
  "model": "dashboard.team",
  "pk": 8,
  "fields": {
    "name": "Portugal",
    "flag_url": null,
    "american_odds": 834,
    "is_eliminated": false
  }
},
{
  "model": "dashboard.team",
  "pk": 9,
  "fields": {
    "name": "Morocco",
    "flag_url": null,
    "american_odds": 6150,
    "is_eliminated": false
  }
},
{
  "model": "dashboard.team",
  "pk": 10,
  "fields": {
    "name": "Croatia",
    "flag_url": null,
    "american_odds": 100,
    "is_eliminated": false
  }
},
{
  "model": "dashboard.team",
  "pk": 11,
  "fields": {
    "name": "Japan",
    "flag_url": null,
    "american_odds": 5782,
    "is_eliminated": false
  }
},
{
  "model": "dashboard.team",
  "pk": 12,
  "fields": {
    "name": "USA",
    "flag_url": null,
    "american_odds": 6150,
    "is_eliminated": false
  }
},
{
  "model": "dashboard.team",
  "pk": 13,
  "fields": {
    "name": "Belgium",
    "flag_url": null,
    "american_odds": 4248,
    "is_eliminated": false
  }
},
{
  "model": "dashboard.team",
  "pk": 14,
  "fields": {
    "name": "Norway",
    "flag_url": null,
    "american_odds": 3900,
    "is_eliminated": false
  }
},
{
  "model": "dashboard.team",
  "pk": 15,
  "fields": {
    "name": "Mexico",
    "flag_url": null,
    "american_odds": 3900,
    "is_eliminated": false
  }
},
{
  "model": "dashboard.team",
  "pk": 16,
  "fields": {
    "name": "Colombia",
    "flag_url": null,
    "american_odds": 4900,
    "is_eliminated": false
  }
},
{
  "model": "dashboard.team",
  "pk": 17,
  "fields": {
    "name": "Turkey",
    "flag_url": null,
    "american_odds": 8223,
    "is_eliminated": false
  }
},
{
  "model": "dashboard.team",
  "pk": 18,
  "fields": {
    "name": "Switzerland",
    "flag_url": null,
    "american_odds": 9900,
    "is_eliminated": false
  }
},
{
  "model": "dashboard.team",
  "pk": 19,
  "fields": {
    "name": "South Africa",
    "flag_url": null,
    "american_odds": 100,
    "is_eliminated": false
  }
},
{
  "model": "dashboard.team",
  "pk": 20,
  "fields": {
    "name": "South Korea",
    "flag_url": null,
    "american_odds": 100,
    "is_eliminated": false
  }
},
{
  "model": "dashboard.team",
  "pk": 21,
  "fields": {
    "name": "Czechia",
    "flag_url": null,
    "american_odds": 100,
    "is_eliminated": false
  }
},
{
  "model": "dashboard.team",
  "pk": 22,
  "fields": {
    "name": "Canada",
    "flag_url": null,
    "american_odds": 100,
    "is_eliminated": false
  }
},
{
  "model": "dashboard.team",
  "pk": 23,
  "fields": {
    "name": "Bosnia-Herzegovina",
    "flag_url": null,
    "american_odds": 100,
    "is_eliminated": false
  }
},
{
  "model": "dashboard.team",
  "pk": 24,
  "fields": {
    "name": "United States",
    "flag_url": null,
    "american_odds": 100,
    "is_eliminated": false
  }
},
{
  "model": "dashboard.team",
  "pk": 25,
  "fields": {
    "name": "Paraguay",
    "flag_url": null,
    "american_odds": 100,
    "is_eliminated": false
  }
},
{
  "model": "dashboard.team",
  "pk": 26,
  "fields": {
    "name": "Qatar",
    "flag_url": null,
    "american_odds": 100,
    "is_eliminated": false
  }
},
{
  "model": "dashboard.team",
  "pk": 27,
  "fields": {
    "name": "Haiti",
    "flag_url": null,
    "american_odds": 100,
    "is_eliminated": false
  }
},
{
  "model": "dashboard.team",
  "pk": 28,
  "fields": {
    "name": "Scotland",
    "flag_url": null,
    "american_odds": 100,
    "is_eliminated": false
  }
},
{
  "model": "dashboard.team",
  "pk": 29,
  "fields": {
    "name": "Australia",
    "flag_url": null,
    "american_odds": 100,
    "is_eliminated": false
  }
},
{
  "model": "dashboard.team",
  "pk": 30,
  "fields": {
    "name": "Curaçao",
    "flag_url": null,
    "american_odds": 100,
    "is_eliminated": false
  }
},
{
  "model": "dashboard.team",
  "pk": 31,
  "fields": {
    "name": "Ivory Coast",
    "flag_url": null,
    "american_odds": 100,
    "is_eliminated": false
  }
},
{
  "model": "dashboard.team",
  "pk": 32,
  "fields": {
    "name": "Ecuador",
    "flag_url": null,
    "american_odds": 100,
    "is_eliminated": false
  }
},
{
  "model": "dashboard.team",
  "pk": 33,
  "fields": {
    "name": "Sweden",
    "flag_url": null,
    "american_odds": 100,
    "is_eliminated": false
  }
},
{
  "model": "dashboard.team",
  "pk": 34,
  "fields": {
    "name": "Tunisia",
    "flag_url": null,
    "american_odds": 100,
    "is_eliminated": false
  }
},
{
  "model": "dashboard.team",
  "pk": 35,
  "fields": {
    "name": "Cape Verde Islands",
    "flag_url": null,
    "american_odds": 100,
    "is_eliminated": false
  }
},
{
  "model": "dashboard.team",
  "pk": 36,
  "fields": {
    "name": "Egypt",
    "flag_url": null,
    "american_odds": 100,
    "is_eliminated": false
  }
},
{
  "model": "dashboard.team",
  "pk": 37,
  "fields": {
    "name": "Saudi Arabia",
    "flag_url": null,
    "american_odds": 100,
    "is_eliminated": false
  }
},
{
  "model": "dashboard.team",
  "pk": 38,
  "fields": {
    "name": "Uruguay",
    "flag_url": null,
    "american_odds": 100,
    "is_eliminated": false
  }
},
{
  "model": "dashboard.team",
  "pk": 39,
  "fields": {
    "name": "Iran",
    "flag_url": null,
    "american_odds": 100,
    "is_eliminated": false
  }
},
{
  "model": "dashboard.team",
  "pk": 40,
  "fields": {
    "name": "New Zealand",
    "flag_url": null,
    "american_odds": 100,
    "is_eliminated": false
  }
},
{
  "model": "dashboard.team",
  "pk": 41,
  "fields": {
    "name": "Senegal",
    "flag_url": null,
    "american_odds": 100,
    "is_eliminated": false
  }
},
{
  "model": "dashboard.team",
  "pk": 42,
  "fields": {
    "name": "Iraq",
    "flag_url": null,
    "american_odds": 100,
    "is_eliminated": false
  }
},
{
  "model": "dashboard.team",
  "pk": 43,
  "fields": {
    "name": "Algeria",
    "flag_url": null,
    "american_odds": 100,
    "is_eliminated": false
  }
},
{
  "model": "dashboard.team",
  "pk": 44,
  "fields": {
    "name": "Austria",
    "flag_url": null,
    "american_odds": 100,
    "is_eliminated": false
  }
},
{
  "model": "dashboard.team",
  "pk": 45,
  "fields": {
    "name": "Jordan",
    "flag_url": null,
    "american_odds": 100,
    "is_eliminated": false
  }
},
{
  "model": "dashboard.team",
  "pk": 46,
  "fields": {
    "name": "Congo DR",
    "flag_url": null,
    "american_odds": 100,
    "is_eliminated": false
  }
},
{
  "model": "dashboard.team",
  "pk": 47,
  "fields": {
    "name": "Ghana",
    "flag_url": null,
    "american_odds": 100,
    "is_eliminated": false
  }
},
{
  "model": "dashboard.team",
  "pk": 48,
  "fields": {
    "name": "Panama",
    "flag_url": null,
    "american_odds": 100,
    "is_eliminated": false
  }
},
{
  "model": "dashboard.team",
  "pk": 49,
  "fields": {
    "name": "Uzbekistan",
    "flag_url": null,
    "american_odds": 100,
    "is_eliminated": false
  }
},
{
  "model": "dashboard.match",
  "pk": 7,
  "fields": {
    "team_1": 15,
    "team_2": 19,
    "score_1": 2,
    "score_2": 0,
    "date": "2026-06-11T19:00:00Z",
    "is_finished": true
  }
},
{
  "model": "dashboard.match",
  "pk": 8,
  "fields": {
    "team_1": 20,
    "team_2": 21,
    "score_1": 2,
    "score_2": 1,
    "date": "2026-06-12T02:00:00Z",
    "is_finished": true
  }
},
{
  "model": "dashboard.match",
  "pk": 9,
  "fields": {
    "team_1": 22,
    "team_2": 23,
    "score_1": 1,
    "score_2": 1,
    "date": "2026-06-12T19:00:00Z",
    "is_finished": true
  }
},
{
  "model": "dashboard.match",
  "pk": 10,
  "fields": {
    "team_1": 24,
    "team_2": 25,
    "score_1": 4,
    "score_2": 1,
    "date": "2026-06-13T01:00:00Z",
    "is_finished": true
  }
},
{
  "model": "dashboard.match",
  "pk": 11,
  "fields": {
    "team_1": 26,
    "team_2": 18,
    "score_1": 1,
    "score_2": 1,
    "date": "2026-06-13T19:00:00Z",
    "is_finished": true
  }
},
{
  "model": "dashboard.match",
  "pk": 12,
  "fields": {
    "team_1": 3,
    "team_2": 9,
    "score_1": 1,
    "score_2": 1,
    "date": "2026-06-13T22:00:00Z",
    "is_finished": true
  }
},
{
  "model": "dashboard.match",
  "pk": 13,
  "fields": {
    "team_1": 27,
    "team_2": 28,
    "score_1": 0,
    "score_2": 1,
    "date": "2026-06-14T01:00:00Z",
    "is_finished": true
  }
},
{
  "model": "dashboard.match",
  "pk": 14,
  "fields": {
    "team_1": 29,
    "team_2": 17,
    "score_1": 2,
    "score_2": 0,
    "date": "2026-06-14T04:00:00Z",
    "is_finished": true
  }
},
{
  "model": "dashboard.match",
  "pk": 15,
  "fields": {
    "team_1": 6,
    "team_2": 30,
    "score_1": 7,
    "score_2": 1,
    "date": "2026-06-14T17:00:00Z",
    "is_finished": true
  }
},
{
  "model": "dashboard.match",
  "pk": 16,
  "fields": {
    "team_1": 7,
    "team_2": 11,
    "score_1": 0,
    "score_2": 0,
    "date": "2026-06-14T20:00:00Z",
    "is_finished": false
  }
},
{
  "model": "dashboard.match",
  "pk": 17,
  "fields": {
    "team_1": 31,
    "team_2": 32,
    "score_1": null,
    "score_2": null,
    "date": "2026-06-14T23:00:00Z",
    "is_finished": false
  }
},
{
  "model": "dashboard.match",
  "pk": 18,
  "fields": {
    "team_1": 33,
    "team_2": 34,
    "score_1": null,
    "score_2": null,
    "date": "2026-06-15T02:00:00Z",
    "is_finished": false
  }
},
{
  "model": "dashboard.match",
  "pk": 19,
  "fields": {
    "team_1": 5,
    "team_2": 35,
    "score_1": null,
    "score_2": null,
    "date": "2026-06-15T16:00:00Z",
    "is_finished": false
  }
},
{
  "model": "dashboard.match",
  "pk": 20,
  "fields": {
    "team_1": 13,
    "team_2": 36,
    "score_1": null,
    "score_2": null,
    "date": "2026-06-15T19:00:00Z",
    "is_finished": false
  }
},
{
  "model": "dashboard.match",
  "pk": 21,
  "fields": {
    "team_1": 37,
    "team_2": 38,
    "score_1": null,
    "score_2": null,
    "date": "2026-06-15T22:00:00Z",
    "is_finished": false
  }
},
{
  "model": "dashboard.match",
  "pk": 22,
  "fields": {
    "team_1": 39,
    "team_2": 40,
    "score_1": null,
    "score_2": null,
    "date": "2026-06-16T01:00:00Z",
    "is_finished": false
  }
},
{
  "model": "dashboard.match",
  "pk": 23,
  "fields": {
    "team_1": 2,
    "team_2": 41,
    "score_1": null,
    "score_2": null,
    "date": "2026-06-16T19:00:00Z",
    "is_finished": false
  }
},
{
  "model": "dashboard.match",
  "pk": 24,
  "fields": {
    "team_1": 42,
    "team_2": 14,
    "score_1": null,
    "score_2": null,
    "date": "2026-06-16T22:00:00Z",
    "is_finished": false
  }
},
{
  "model": "dashboard.match",
  "pk": 25,
  "fields": {
    "team_1": 1,
    "team_2": 43,
    "score_1": null,
    "score_2": null,
    "date": "2026-06-17T01:00:00Z",
    "is_finished": false
  }
},
{
  "model": "dashboard.match",
  "pk": 26,
  "fields": {
    "team_1": 44,
    "team_2": 45,
    "score_1": null,
    "score_2": null,
    "date": "2026-06-17T04:00:00Z",
    "is_finished": false
  }
},
{
  "model": "dashboard.match",
  "pk": 27,
  "fields": {
    "team_1": 8,
    "team_2": 46,
    "score_1": null,
    "score_2": null,
    "date": "2026-06-17T17:00:00Z",
    "is_finished": false
  }
},
{
  "model": "dashboard.match",
  "pk": 28,
  "fields": {
    "team_1": 4,
    "team_2": 10,
    "score_1": null,
    "score_2": null,
    "date": "2026-06-17T20:00:00Z",
    "is_finished": false
  }
},
{
  "model": "dashboard.match",
  "pk": 29,
  "fields": {
    "team_1": 47,
    "team_2": 48,
    "score_1": null,
    "score_2": null,
    "date": "2026-06-17T23:00:00Z",
    "is_finished": false
  }
},
{
  "model": "dashboard.match",
  "pk": 30,
  "fields": {
    "team_1": 49,
    "team_2": 16,
    "score_1": null,
    "score_2": null,
    "date": "2026-06-18T02:00:00Z",
    "is_finished": false
  }
},
{
  "model": "dashboard.match",
  "pk": 31,
  "fields": {
    "team_1": 21,
    "team_2": 19,
    "score_1": null,
    "score_2": null,
    "date": "2026-06-18T16:00:00Z",
    "is_finished": false
  }
},
{
  "model": "dashboard.match",
  "pk": 32,
  "fields": {
    "team_1": 18,
    "team_2": 23,
    "score_1": null,
    "score_2": null,
    "date": "2026-06-18T19:00:00Z",
    "is_finished": false
  }
},
{
  "model": "dashboard.match",
  "pk": 33,
  "fields": {
    "team_1": 22,
    "team_2": 26,
    "score_1": null,
    "score_2": null,
    "date": "2026-06-18T22:00:00Z",
    "is_finished": false
  }
},
{
  "model": "dashboard.match",
  "pk": 34,
  "fields": {
    "team_1": 15,
    "team_2": 20,
    "score_1": null,
    "score_2": null,
    "date": "2026-06-19T01:00:00Z",
    "is_finished": false
  }
},
{
  "model": "dashboard.match",
  "pk": 35,
  "fields": {
    "team_1": 24,
    "team_2": 29,
    "score_1": null,
    "score_2": null,
    "date": "2026-06-19T19:00:00Z",
    "is_finished": false
  }
},
{
  "model": "dashboard.match",
  "pk": 36,
  "fields": {
    "team_1": 28,
    "team_2": 9,
    "score_1": null,
    "score_2": null,
    "date": "2026-06-19T22:00:00Z",
    "is_finished": false
  }
},
{
  "model": "dashboard.match",
  "pk": 37,
  "fields": {
    "team_1": 3,
    "team_2": 27,
    "score_1": null,
    "score_2": null,
    "date": "2026-06-20T00:30:00Z",
    "is_finished": false
  }
},
{
  "model": "dashboard.match",
  "pk": 38,
  "fields": {
    "team_1": 17,
    "team_2": 25,
    "score_1": null,
    "score_2": null,
    "date": "2026-06-20T03:00:00Z",
    "is_finished": false
  }
},
{
  "model": "dashboard.match",
  "pk": 39,
  "fields": {
    "team_1": 7,
    "team_2": 33,
    "score_1": null,
    "score_2": null,
    "date": "2026-06-20T17:00:00Z",
    "is_finished": false
  }
},
{
  "model": "dashboard.match",
  "pk": 40,
  "fields": {
    "team_1": 6,
    "team_2": 31,
    "score_1": null,
    "score_2": null,
    "date": "2026-06-20T20:00:00Z",
    "is_finished": false
  }
},
{
  "model": "dashboard.match",
  "pk": 41,
  "fields": {
    "team_1": 32,
    "team_2": 30,
    "score_1": null,
    "score_2": null,
    "date": "2026-06-21T00:00:00Z",
    "is_finished": false
  }
},
{
  "model": "dashboard.match",
  "pk": 42,
  "fields": {
    "team_1": 34,
    "team_2": 11,
    "score_1": null,
    "score_2": null,
    "date": "2026-06-21T04:00:00Z",
    "is_finished": false
  }
},
{
  "model": "dashboard.match",
  "pk": 43,
  "fields": {
    "team_1": 5,
    "team_2": 37,
    "score_1": null,
    "score_2": null,
    "date": "2026-06-21T16:00:00Z",
    "is_finished": false
  }
},
{
  "model": "dashboard.match",
  "pk": 44,
  "fields": {
    "team_1": 13,
    "team_2": 39,
    "score_1": null,
    "score_2": null,
    "date": "2026-06-21T19:00:00Z",
    "is_finished": false
  }
},
{
  "model": "dashboard.match",
  "pk": 45,
  "fields": {
    "team_1": 38,
    "team_2": 35,
    "score_1": null,
    "score_2": null,
    "date": "2026-06-21T22:00:00Z",
    "is_finished": false
  }
},
{
  "model": "dashboard.match",
  "pk": 46,
  "fields": {
    "team_1": 40,
    "team_2": 36,
    "score_1": null,
    "score_2": null,
    "date": "2026-06-22T01:00:00Z",
    "is_finished": false
  }
},
{
  "model": "dashboard.match",
  "pk": 47,
  "fields": {
    "team_1": 1,
    "team_2": 44,
    "score_1": null,
    "score_2": null,
    "date": "2026-06-22T17:00:00Z",
    "is_finished": false
  }
},
{
  "model": "dashboard.match",
  "pk": 48,
  "fields": {
    "team_1": 2,
    "team_2": 42,
    "score_1": null,
    "score_2": null,
    "date": "2026-06-22T21:00:00Z",
    "is_finished": false
  }
},
{
  "model": "dashboard.match",
  "pk": 49,
  "fields": {
    "team_1": 14,
    "team_2": 41,
    "score_1": null,
    "score_2": null,
    "date": "2026-06-23T00:00:00Z",
    "is_finished": false
  }
},
{
  "model": "dashboard.match",
  "pk": 50,
  "fields": {
    "team_1": 45,
    "team_2": 43,
    "score_1": null,
    "score_2": null,
    "date": "2026-06-23T03:00:00Z",
    "is_finished": false
  }
},
{
  "model": "dashboard.match",
  "pk": 51,
  "fields": {
    "team_1": 8,
    "team_2": 49,
    "score_1": null,
    "score_2": null,
    "date": "2026-06-23T17:00:00Z",
    "is_finished": false
  }
},
{
  "model": "dashboard.match",
  "pk": 52,
  "fields": {
    "team_1": 4,
    "team_2": 47,
    "score_1": null,
    "score_2": null,
    "date": "2026-06-23T20:00:00Z",
    "is_finished": false
  }
},
{
  "model": "dashboard.match",
  "pk": 53,
  "fields": {
    "team_1": 48,
    "team_2": 10,
    "score_1": null,
    "score_2": null,
    "date": "2026-06-23T23:00:00Z",
    "is_finished": false
  }
},
{
  "model": "dashboard.match",
  "pk": 54,
  "fields": {
    "team_1": 16,
    "team_2": 46,
    "score_1": null,
    "score_2": null,
    "date": "2026-06-24T02:00:00Z",
    "is_finished": false
  }
},
{
  "model": "dashboard.match",
  "pk": 55,
  "fields": {
    "team_1": 18,
    "team_2": 22,
    "score_1": null,
    "score_2": null,
    "date": "2026-06-24T19:00:00Z",
    "is_finished": false
  }
},
{
  "model": "dashboard.match",
  "pk": 56,
  "fields": {
    "team_1": 23,
    "team_2": 26,
    "score_1": null,
    "score_2": null,
    "date": "2026-06-24T19:00:00Z",
    "is_finished": false
  }
},
{
  "model": "dashboard.match",
  "pk": 57,
  "fields": {
    "team_1": 9,
    "team_2": 27,
    "score_1": null,
    "score_2": null,
    "date": "2026-06-24T22:00:00Z",
    "is_finished": false
  }
},
{
  "model": "dashboard.match",
  "pk": 58,
  "fields": {
    "team_1": 28,
    "team_2": 3,
    "score_1": null,
    "score_2": null,
    "date": "2026-06-24T22:00:00Z",
    "is_finished": false
  }
},
{
  "model": "dashboard.match",
  "pk": 59,
  "fields": {
    "team_1": 21,
    "team_2": 15,
    "score_1": null,
    "score_2": null,
    "date": "2026-06-25T01:00:00Z",
    "is_finished": false
  }
},
{
  "model": "dashboard.match",
  "pk": 60,
  "fields": {
    "team_1": 19,
    "team_2": 20,
    "score_1": null,
    "score_2": null,
    "date": "2026-06-25T01:00:00Z",
    "is_finished": false
  }
},
{
  "model": "dashboard.match",
  "pk": 61,
  "fields": {
    "team_1": 32,
    "team_2": 6,
    "score_1": null,
    "score_2": null,
    "date": "2026-06-25T20:00:00Z",
    "is_finished": false
  }
},
{
  "model": "dashboard.match",
  "pk": 62,
  "fields": {
    "team_1": 30,
    "team_2": 31,
    "score_1": null,
    "score_2": null,
    "date": "2026-06-25T20:00:00Z",
    "is_finished": false
  }
},
{
  "model": "dashboard.match",
  "pk": 63,
  "fields": {
    "team_1": 34,
    "team_2": 7,
    "score_1": null,
    "score_2": null,
    "date": "2026-06-25T23:00:00Z",
    "is_finished": false
  }
},
{
  "model": "dashboard.match",
  "pk": 64,
  "fields": {
    "team_1": 11,
    "team_2": 33,
    "score_1": null,
    "score_2": null,
    "date": "2026-06-25T23:00:00Z",
    "is_finished": false
  }
},
{
  "model": "dashboard.match",
  "pk": 65,
  "fields": {
    "team_1": 17,
    "team_2": 24,
    "score_1": null,
    "score_2": null,
    "date": "2026-06-26T02:00:00Z",
    "is_finished": false
  }
},
{
  "model": "dashboard.match",
  "pk": 66,
  "fields": {
    "team_1": 25,
    "team_2": 29,
    "score_1": null,
    "score_2": null,
    "date": "2026-06-26T02:00:00Z",
    "is_finished": false
  }
},
{
  "model": "dashboard.match",
  "pk": 67,
  "fields": {
    "team_1": 14,
    "team_2": 2,
    "score_1": null,
    "score_2": null,
    "date": "2026-06-26T19:00:00Z",
    "is_finished": false
  }
},
{
  "model": "dashboard.match",
  "pk": 68,
  "fields": {
    "team_1": 41,
    "team_2": 42,
    "score_1": null,
    "score_2": null,
    "date": "2026-06-26T19:00:00Z",
    "is_finished": false
  }
},
{
  "model": "dashboard.match",
  "pk": 69,
  "fields": {
    "team_1": 38,
    "team_2": 5,
    "score_1": null,
    "score_2": null,
    "date": "2026-06-27T00:00:00Z",
    "is_finished": false
  }
},
{
  "model": "dashboard.match",
  "pk": 70,
  "fields": {
    "team_1": 35,
    "team_2": 37,
    "score_1": null,
    "score_2": null,
    "date": "2026-06-27T00:00:00Z",
    "is_finished": false
  }
},
{
  "model": "dashboard.match",
  "pk": 71,
  "fields": {
    "team_1": 40,
    "team_2": 13,
    "score_1": null,
    "score_2": null,
    "date": "2026-06-27T03:00:00Z",
    "is_finished": false
  }
},
{
  "model": "dashboard.match",
  "pk": 72,
  "fields": {
    "team_1": 36,
    "team_2": 39,
    "score_1": null,
    "score_2": null,
    "date": "2026-06-27T03:00:00Z",
    "is_finished": false
  }
},
{
  "model": "dashboard.match",
  "pk": 73,
  "fields": {
    "team_1": 48,
    "team_2": 4,
    "score_1": null,
    "score_2": null,
    "date": "2026-06-27T21:00:00Z",
    "is_finished": false
  }
},
{
  "model": "dashboard.match",
  "pk": 74,
  "fields": {
    "team_1": 10,
    "team_2": 47,
    "score_1": null,
    "score_2": null,
    "date": "2026-06-27T21:00:00Z",
    "is_finished": false
  }
},
{
  "model": "dashboard.match",
  "pk": 75,
  "fields": {
    "team_1": 16,
    "team_2": 8,
    "score_1": null,
    "score_2": null,
    "date": "2026-06-27T23:30:00Z",
    "is_finished": false
  }
},
{
  "model": "dashboard.match",
  "pk": 76,
  "fields": {
    "team_1": 46,
    "team_2": 49,
    "score_1": null,
    "score_2": null,
    "date": "2026-06-27T23:30:00Z",
    "is_finished": false
  }
},
{
  "model": "dashboard.match",
  "pk": 77,
  "fields": {
    "team_1": 45,
    "team_2": 1,
    "score_1": null,
    "score_2": null,
    "date": "2026-06-28T02:00:00Z",
    "is_finished": false
  }
},
{
  "model": "dashboard.match",
  "pk": 78,
  "fields": {
    "team_1": 43,
    "team_2": 44,
    "score_1": null,
    "score_2": null,
    "date": "2026-06-28T02:00:00Z",
    "is_finished": false
  }
},
{
  "model": "dashboard.participant",
  "pk": 50,
  "fields": {
    "name": "Chenzo Zangmo"
  }
},
{
  "model": "dashboard.participant",
  "pk": 51,
  "fields": {
    "name": "Kuenga Wangchen Dorji"
  }
},
{
  "model": "dashboard.participant",
  "pk": 52,
  "fields": {
    "name": "Karma Sonam Lhamo"
  }
},
{
  "model": "dashboard.participant",
  "pk": 53,
  "fields": {
    "name": "Lhaden Wangda"
  }
},
{
  "model": "dashboard.participant",
  "pk": 54,
  "fields": {
    "name": "Pema Dregzel Wangda"
  }
},
{
  "model": "dashboard.participant",
  "pk": 55,
  "fields": {
    "name": "Bajay"
  }
},
{
  "model": "dashboard.participant",
  "pk": 56,
  "fields": {
    "name": "Kinley Digzel Dorji"
  }
},
{
  "model": "dashboard.participant",
  "pk": 57,
  "fields": {
    "name": "Wangmo"
  }
},
{
  "model": "dashboard.participant",
  "pk": 58,
  "fields": {
    "name": "Tshering Yangden"
  }
},
{
  "model": "dashboard.participant",
  "pk": 59,
  "fields": {
    "name": "Ongmo"
  }
},
{
  "model": "dashboard.participant",
  "pk": 60,
  "fields": {
    "name": "Sonam Yuden"
  }
},
{
  "model": "dashboard.participant",
  "pk": 61,
  "fields": {
    "name": "Sonam Yugyel Gyeltshen"
  }
},
{
  "model": "dashboard.participant",
  "pk": 62,
  "fields": {
    "name": "Gyeltshen JOW"
  }
},
{
  "model": "dashboard.participant",
  "pk": 63,
  "fields": {
    "name": "Ap HAti"
  }
},
{
  "model": "dashboard.participant",
  "pk": 64,
  "fields": {
    "name": "Aum Bau"
  }
},
{
  "model": "dashboard.participant",
  "pk": 65,
  "fields": {
    "name": "Kinley Pem"
  }
},
{
  "model": "dashboard.participant",
  "pk": 66,
  "fields": {
    "name": "Pasang Dorji"
  }
},
{
  "model": "dashboard.participant",
  "pk": 67,
  "fields": {
    "name": "Tshering"
  }
},
{
  "model": "dashboard.participant",
  "pk": 68,
  "fields": {
    "name": "Chimi Pem"
  }
},
{
  "model": "dashboard.participant",
  "pk": 69,
  "fields": {
    "name": "Karma Choeying Dolma"
  }
},
{
  "model": "dashboard.participant",
  "pk": 70,
  "fields": {
    "name": "Sonam Tshering"
  }
},
{
  "model": "dashboard.participant",
  "pk": 71,
  "fields": {
    "name": "Kinley Bida"
  }
},
{
  "model": "dashboard.participant",
  "pk": 72,
  "fields": {
    "name": "Uttam Bhujel"
  }
},
{
  "model": "dashboard.participant",
  "pk": 73,
  "fields": {
    "name": "Samten"
  }
},
{
  "model": "dashboard.teampick",
  "pk": 139,
  "fields": {
    "participant": 50,
    "team": 8
  }
},
{
  "model": "dashboard.teampick",
  "pk": 140,
  "fields": {
    "participant": 50,
    "team": 9
  }
},
{
  "model": "dashboard.teampick",
  "pk": 141,
  "fields": {
    "participant": 50,
    "team": 1
  }
},
{
  "model": "dashboard.teampick",
  "pk": 142,
  "fields": {
    "participant": 51,
    "team": 5
  }
},
{
  "model": "dashboard.teampick",
  "pk": 143,
  "fields": {
    "participant": 51,
    "team": 14
  }
},
{
  "model": "dashboard.teampick",
  "pk": 144,
  "fields": {
    "participant": 52,
    "team": 2
  }
},
{
  "model": "dashboard.teampick",
  "pk": 145,
  "fields": {
    "participant": 52,
    "team": 5
  }
},
{
  "model": "dashboard.teampick",
  "pk": 146,
  "fields": {
    "participant": 52,
    "team": 1
  }
},
{
  "model": "dashboard.teampick",
  "pk": 147,
  "fields": {
    "participant": 53,
    "team": 5
  }
},
{
  "model": "dashboard.teampick",
  "pk": 148,
  "fields": {
    "participant": 54,
    "team": 2
  }
},
{
  "model": "dashboard.teampick",
  "pk": 149,
  "fields": {
    "participant": 55,
    "team": 8
  }
},
{
  "model": "dashboard.teampick",
  "pk": 150,
  "fields": {
    "participant": 55,
    "team": 1
  }
},
{
  "model": "dashboard.teampick",
  "pk": 151,
  "fields": {
    "participant": 55,
    "team": 2
  }
},
{
  "model": "dashboard.teampick",
  "pk": 152,
  "fields": {
    "participant": 56,
    "team": 2
  }
},
{
  "model": "dashboard.teampick",
  "pk": 153,
  "fields": {
    "participant": 56,
    "team": 4
  }
},
{
  "model": "dashboard.teampick",
  "pk": 154,
  "fields": {
    "participant": 57,
    "team": 5
  }
},
{
  "model": "dashboard.teampick",
  "pk": 155,
  "fields": {
    "participant": 58,
    "team": 1
  }
},
{
  "model": "dashboard.teampick",
  "pk": 156,
  "fields": {
    "participant": 59,
    "team": 3
  }
},
{
  "model": "dashboard.teampick",
  "pk": 157,
  "fields": {
    "participant": 59,
    "team": 1
  }
},
{
  "model": "dashboard.teampick",
  "pk": 158,
  "fields": {
    "participant": 59,
    "team": 8
  }
},
{
  "model": "dashboard.teampick",
  "pk": 159,
  "fields": {
    "participant": 59,
    "team": 5
  }
},
{
  "model": "dashboard.teampick",
  "pk": 160,
  "fields": {
    "participant": 60,
    "team": 2
  }
},
{
  "model": "dashboard.teampick",
  "pk": 161,
  "fields": {
    "participant": 60,
    "team": 5
  }
},
{
  "model": "dashboard.teampick",
  "pk": 162,
  "fields": {
    "participant": 60,
    "team": 3
  }
},
{
  "model": "dashboard.teampick",
  "pk": 163,
  "fields": {
    "participant": 61,
    "team": 7
  }
},
{
  "model": "dashboard.teampick",
  "pk": 164,
  "fields": {
    "participant": 61,
    "team": 4
  }
},
{
  "model": "dashboard.teampick",
  "pk": 165,
  "fields": {
    "participant": 62,
    "team": 14
  }
},
{
  "model": "dashboard.teampick",
  "pk": 166,
  "fields": {
    "participant": 62,
    "team": 2
  }
},
{
  "model": "dashboard.teampick",
  "pk": 167,
  "fields": {
    "participant": 62,
    "team": 6
  }
},
{
  "model": "dashboard.teampick",
  "pk": 168,
  "fields": {
    "participant": 62,
    "team": 13
  }
},
{
  "model": "dashboard.teampick",
  "pk": 169,
  "fields": {
    "participant": 63,
    "team": 3
  }
},
{
  "model": "dashboard.teampick",
  "pk": 170,
  "fields": {
    "participant": 64,
    "team": 5
  }
},
{
  "model": "dashboard.teampick",
  "pk": 171,
  "fields": {
    "participant": 65,
    "team": 2
  }
},
{
  "model": "dashboard.teampick",
  "pk": 172,
  "fields": {
    "participant": 65,
    "team": 1
  }
},
{
  "model": "dashboard.teampick",
  "pk": 173,
  "fields": {
    "participant": 66,
    "team": 2
  }
},
{
  "model": "dashboard.teampick",
  "pk": 174,
  "fields": {
    "participant": 66,
    "team": 1
  }
},
{
  "model": "dashboard.teampick",
  "pk": 175,
  "fields": {
    "participant": 67,
    "team": 5
  }
},
{
  "model": "dashboard.teampick",
  "pk": 176,
  "fields": {
    "participant": 68,
    "team": 5
  }
},
{
  "model": "dashboard.teampick",
  "pk": 177,
  "fields": {
    "participant": 69,
    "team": 5
  }
},
{
  "model": "dashboard.teampick",
  "pk": 178,
  "fields": {
    "participant": 69,
    "team": 2
  }
},
{
  "model": "dashboard.teampick",
  "pk": 179,
  "fields": {
    "participant": 70,
    "team": 4
  }
},
{
  "model": "dashboard.teampick",
  "pk": 180,
  "fields": {
    "participant": 70,
    "team": 1
  }
},
{
  "model": "dashboard.teampick",
  "pk": 181,
  "fields": {
    "participant": 70,
    "team": 6
  }
},
{
  "model": "dashboard.teampick",
  "pk": 182,
  "fields": {
    "participant": 70,
    "team": 7
  }
},
{
  "model": "dashboard.teampick",
  "pk": 183,
  "fields": {
    "participant": 71,
    "team": 7
  }
},
{
  "model": "dashboard.teampick",
  "pk": 184,
  "fields": {
    "participant": 71,
    "team": 4
  }
},
{
  "model": "dashboard.teampick",
  "pk": 185,
  "fields": {
    "participant": 72,
    "team": 8
  }
},
{
  "model": "dashboard.teampick",
  "pk": 186,
  "fields": {
    "participant": 72,
    "team": 2
  }
},
{
  "model": "dashboard.teampick",
  "pk": 187,
  "fields": {
    "participant": 73,
    "team": 1
  }
}
]
